filename,url,width,height,category
20210621_152515_1_ylou2s.jpg,https://res.cloudinary.com/duws62b88/image/upload/v1772309079/Photos/vma5ntefx1l0um2qtnsn.jpg,2232,3967,Nature
20210621_150745_zr7qwo.jpg,https://res.cloudinary.com/duws62b88/image/upload/v1772309086/Photos/wm3ctzajj7skj18qdocd.jpg,2901,3868,Nature
LRM_EXPORT_15674943912715_20190216_192351493_v5pska.jpg,https://res.cloudinary.com/duws62b88/image/upload/v1772309088/Photos/fiz2ezyv8s4qvcun5pr8.jpg,3264,2448,Nature
IMG_20190305_215357_yank7x.jpg,https://res.cloudinary.com/duws62b88/image/upload/v1772309089/Photos/mbvghkj0drzeedfknt2k.jpg,1721,3059,Nature
IMG_20201223_110522292_1_zuzcfb.jpg,https://res.cloudinary.com/duws62b88/image/upload/v1772309092/Photos/pq2aukkenh7n3swnxvri.jpg,3260,1834,Nature
LRM_20210521_180504_pk3pqk.jpg,https://res.cloudinary.com/duws62b88/image/upload/v1772309093/Photos/qnrnm0xqjtwuz61kaxkm.jpg,2577,1450,Nature
LRM_EXPORT_11815796201153_20190803_230741124_ivn4fb.jpg,https://res.cloudinary.com/duws62b88/image/upload/v1772309096/Photos/ifri1xfrrycflmvbfrph.jpg,2448,3264,Nature
example.jpeg,https://res.cloudinary.com/duws62b88/image/upload/v1772309102/Photos/xokjonrhmo4evc4nycrv.jpg,5712,4284,Nature
DSC09078-01_c2ixdk.jpg,https://res.cloudinary.com/duws62b88/image/upload/v1772309104/Photos/ifora2g5skcol5e9tq19.jpg,1728,3069,Nature
LRM_EXPORT_59660737647644_20190702_142540469_k04zmf.jpg,https://res.cloudinary.com/duws62b88/image/upload/v1772309105/Photos/bymmffdptixjykttsvhe.jpg,1796,3264,Nature
20201225_142328_1_jzk9ee.jpg,https://res.cloudinary.com/duws62b88/image/upload/v1772309109/Photos/gjhdrut1xiqqntkjljyi.jpg,4000,2250,Nature
DSC08948_juxniu.jpg,https://res.cloudinary.com/duws62b88/image/upload/v1772309110/Photos/fi57wyn3qvf3q37fnyye.jpg,3072,2304,Nature
IMG_20191202_163210702_rg605a.jpg,https://res.cloudinary.com/duws62b88/image/upload/v1772309111/Photos/o2vxcnhivfjjom3rv9re.jpg,3264,2448,Nature
IMG_20190723_064504093_HDR_uv7kam.jpg,https://res.cloudinary.com/duws62b88/image/upload/v1772309115/Photos/axfhilpqzhzt0cdzfw16.jpg,2448,3264,Nature
IMG_20190120_110031_fzizxk.jpg,https://res.cloudinary.com/duws62b88/image/upload/v1772309116/Photos/fj8m0spgany8zktgyqdj.jpg,720,1280,Nature
20210409_081343_o1iaip.jpg,https://res.cloudinary.com/duws62b88/image/upload/v1772309118/Photos/cs6nvo9tlf6qktr5noun.jpg,3985,2241,Nature
IMG_0257_jwbwb6.jpg,https://res.cloudinary.com/duws62b88/image/upload/v1772309119/Photos/hov7llhfo60kqsc9thhy.jpg,3072,2304,Nature
LRM_EXPORT_20190121_074405_1_vx3ous.jpg,https://res.cloudinary.com/duws62b88/image/upload/v1772309121/Photos/qmkffkwsd4rwdsseqm9k.jpg,2304,3072,Nature
DSC00336-01_dkqmq1.jpg,https://res.cloudinary.com/duws62b88/image/upload/v1772309125/Photos/qbmuxerxiuz8d49r7kuy.jpg,3072,1728,Nature
LRM_EXPORT_20190125_181812_Copy_s2nyym.jpg,https://res.cloudinary.com/duws62b88/image/upload/v1772309128/Photos/uji0mck3nd68nlpzmmp4.jpg,2448,3264,Nature
DSC09246-01_v9zkie.jpg,https://res.cloudinary.com/duws62b88/image/upload/v1772309129/Photos/jsuo30cul1qnkwrczlq2.jpg,2304,3072,Nature
DSC08656-01_kgqggd.jpg,https://res.cloudinary.com/duws62b88/image/upload/v1772309131/Photos/pcouk6d5a4l2xw1abgra.jpg,3072,2304,Nature
LRM_EXPORT_68702243078020_20190320_082438350_gegyd6.jpg,https://res.cloudinary.com/duws62b88/image/upload/v1772309134/Photos/vcdjrkmfvvmxy1qpnlpp.jpg,3264,2448,Nature
20151127_094052_d82hsi.jpg,https://res.cloudinary.com/duws62b88/image/upload/v1772309140/Photos/yrfk3dnokciz8ll6gffi.jpg,2048,1152,Nature
20210621_152540_c6poyk.jpg,https://res.cloudinary.com/duws62b88/image/upload/v1772309149/Photos/awzb4jnyodq9wafmzq0u.jpg,3264,2448,Nature
LRM_EXPORT_13289281781103_20190305_221122995_irpcxq.jpg,https://res.cloudinary.com/duws62b88/image/upload/v1772309150/Photos/vseo4rayhm0t9cjluwvv.jpg,1576,2801,Nature
LRM_EXPORT_20190119_205510_fhtwhg.jpg,https://res.cloudinary.com/duws62b88/image/upload/v1772309150/Photos/iut9njd7gd09xljce5fa.jpg,720,1280,Nature
IMG_20210124_175817_jiabej.jpg,https://res.cloudinary.com/duws62b88/image/upload/v1772309152/Photos/ylbsnndngqdx0orpes7m.jpg,3264,2448,Nature
DSC00018_q3fjzn.jpg,https://res.cloudinary.com/duws62b88/image/upload/v1772309153/Photos/dgh0mv9owop2nm9snsfy.jpg,1728,3072,Nature
LRM_EXPORT_3190460870263_20190430_191706313_wwdd5o.jpg,https://res.cloudinary.com/duws62b88/image/upload/v1772309159/Photos/s3pssowmuusdthwq4s9q.jpg,1816,3227,Nature
IMG_20190214_070326123_yelnrg.jpg,https://res.cloudinary.com/duws62b88/image/upload/v1772309179/Photos/ygwtikbq3fuudvldaoyl.jpg,2394,3192,Nature
IMG_0093_2_w82dy6.jpg,https://res.cloudinary.com/duws62b88/image/upload/v1772309180/Photos/l0wljjlleaowvfoow6ry.jpg,3072,2304,Nature
LRM_EXPORT_107004628802955_20190301_205410235_y2id3w.jpg,https://res.cloudinary.com/duws62b88/image/upload/v1772309181/Photos/lbx0krwrfdfuejsrern3.jpg,986,1478,Nature
20220329_072931_y3tqh8.jpg,https://res.cloudinary.com/duws62b88/image/upload/v1772309182/Photos/kp9fpc7xyvswi4b45doe.jpg,844,1782,Nature
20211124_123051_hclxud.jpg,https://res.cloudinary.com/duws62b88/image/upload/v1772309183/Photos/mvf3o3tbrzyudfygsija.jpg,2242,2240,Nature
LRM_EXPORT_5441108368586_20190320_222457676_oes3gb.jpg,https://res.cloudinary.com/duws62b88/image/upload/v1772309184/Photos/i7bbsnerhpg3wqsirq8g.jpg,2448,3264,Nature
20151121_074207_ni82vv.jpg,https://res.cloudinary.com/duws62b88/image/upload/v1772309185/Photos/dwc7gdc3akw91yocsr2v.jpg,1991,1120,Nature
IMG_20181112_103824983_jvlzmh.jpg,https://res.cloudinary.com/duws62b88/image/upload/v1772309187/Photos/cy0waa3hlonxd1rwbgwm.jpg,3264,1836,Nature
LRM_EXPORT_38811986503362_20190219_214347467_doq46g.jpg,https://res.cloudinary.com/duws62b88/image/upload/v1772309190/Photos/moqeg6w8ndo9cv7ew28m.jpg,2448,3264,Nature
20211126_154906_ge2g9t.jpg,https://res.cloudinary.com/duws62b88/image/upload/v1772309192/Photos/wpotxhz0xvwogrulugsn.jpg,2364,2362,Nature
LRM_EXPORT_38882413948542_20190824_110227782_de1ako.jpg,https://res.cloudinary.com/duws62b88/image/upload/v1772309193/Photos/svcvdr8w0oepuyvgo54v.jpg,3264,2448,Nature
IMG_20190115_145831101_qkhem4.jpg,https://res.cloudinary.com/duws62b88/image/upload/v1772309193/Photos/cnx66iwo31cxpukwpzyl.jpg,2448,3264,Nature
IMG_0271_wlaauf.jpg,https://res.cloudinary.com/duws62b88/image/upload/v1772309194/Photos/cguiofahcnh7qwbtoh0t.jpg,1836,3264,Nature
DSC08974_zcngyl.jpg,https://res.cloudinary.com/duws62b88/image/upload/v1772309195/Photos/k6psuuwutuq0weun8vis.jpg,3072,2304,Nature
LRM_EXPORT_83828827407435_20191027_195126039_shfpyb.jpg,https://res.cloudinary.com/duws62b88/image/upload/v1772309197/Photos/nemthfkgtizjzok3msyq.jpg,3264,2448,Nature
IMG_0083_pm39pe.jpg,https://res.cloudinary.com/duws62b88/image/upload/v1772309198/Photos/b5zltn3tlnzmlypn0nwc.jpg,2304,3072,Nature
LRM_EXPORT_20181218_140352_2_pjymcw.jpg,https://res.cloudinary.com/duws62b88/image/upload/v1772309200/Photos/yonjmmlbpkatkmgnvocu.jpg,3072,2304,Nature
20210114-IMG_20210114_074504_n60dco.jpg,https://res.cloudinary.com/duws62b88/image/upload/v1772309207/Photos/avrcbr62sau1rlpavvzc.jpg,3264,2448,Nature
LRM_EXPORT_50838886355026_20190708_162357172_nxx81m.jpg,https://res.cloudinary.com/duws62b88/image/upload/v1772309209/Photos/y5ypx8plefykkvpewtkq.jpg,1879,2504,Nature
IMG_20190501_181559273_vhxebh.jpg,https://res.cloudinary.com/duws62b88/image/upload/v1772309210/Photos/av7jigx13ly9zhhig0r3.jpg,2448,3264,Nature
LRM_EXPORT_16728347679403_20190417_221044987_socyrg.jpg,https://res.cloudinary.com/duws62b88/image/upload/v1772309212/Photos/dqtkten2uarnoa2m3lgb.jpg,1728,3071,Nature
LRM_EXPORT_49075753927677_20190708_155434039_p46qm2.jpg,https://res.cloudinary.com/duws62b88/image/upload/v1772309213/Photos/xb94c9dzlyg0ydxvwigw.jpg,3257,2425,Nature
20151118_133339_thwi8b.jpg,https://res.cloudinary.com/duws62b88/image/upload/v1772309215/Photos/feahdvw3g3tx8m90gdzy.jpg,1079,1919,Nature
IMG_20190501_182954_HDR_xegvb0.jpg,https://res.cloudinary.com/duws62b88/image/upload/v1772309216/Photos/oydvgtfoem5egwvdcrbu.jpg,2407,3239,Nature
HD_20200507_222920_NR-01-01_kqtjpi.jpg,https://res.cloudinary.com/duws62b88/image/upload/v1772309223/Photos/b2quwomlytu3qx7uecmp.jpg,3264,2448,Nature
IMG_20190406_122147134_zdnfjz.jpg,https://res.cloudinary.com/duws62b88/image/upload/v1772309233/Photos/noiaa3ismnaezexvgktx.jpg,2448,3264,Nature
